Feature,Importance
CASES_MM_7_t-0,0.23849049024041405
CASES_ACC_7_t-0,0.1791685230489414
CASES_LAG_1_t-0,0.14556645243133096
CASES_MM_14_t-0,0.12190387006110602
CASES_ACC_14_t-0,0.10346866114542226
CASES_LAG_2_t-0,0.07871296674079126
CASES_ACC_21_t-0,0.037666703421578296
CASES_LAG_3_t-0,0.03667984729399731
CASES_MM_21_t-0,0.02840403207508317
CASES_ACC_28_t-0,0.015269723568383508
CASES_LAG_4_t-0,0.007512840058121656
CASES_MM_28_t-0,0.0071558899148301
CASES_LAG_5_t-0,0.0
CASES_LAG_6_t-0,0.0
