Conjunto,MSE,RMSE,MAE,R2,MAPE (ign. zeros),SMAPE,Poisson_Deviance,Pearson
Treino,0.6614456044416644,0.8132930618428171,0.053418624296317316,0.9557018710735055,45.09593114987373,3.7256956720570376,0.5010385012862376,0.9792527621297001
Validação,0.4981749628975974,0.7058151053197979,0.07965986121695881,0.7618249930601713,62.2762963720774,5.997504621949146,0.6812727757841271,0.8736092960500982
Teste,1.0338748034987304,1.0167963431773004,0.17565399653351607,0.7719546126254608,52.732492562419445,13.11256444224884,1.3024030499149646,0.8788754885917603
