Conjunto,MSE,RMSE,MAE,R2,MAPE (ign. zeros),SMAPE,Poisson_Deviance,Pearson
Treino,0.32135627530364375,0.566882946739134,0.06300607287449393,0.9202611802855879,36.33178146591873,5.557735332333952,0.6226775395277419,0.9656086198416973
Validação,106.53940149625934,10.321792552471656,1.4605985037406484,0.35872990393411697,61.38462641542591,18.850775948310616,3.457248665353832,0.7749099129223168
Teste,78.4771225216065,8.858731428461216,1.2097102186070157,0.30241167421955406,77.6131745668291,24.68272727427981,3.753994035951504,0.622184806997969
