Conjunto,MSE,RMSE,MAE,R2,MAPE (ign. zeros),SMAPE,Poisson_Deviance,Pearson
Treino,0.3251518218623482,0.5702208535842478,0.06325910931174089,0.9193193832023469,35.2728735996686,5.45089939642948,0.5790890899485542,0.9650021728793015
Validação,107.16012161135039,10.351817309600783,1.5062072460096276,0.3648493186204912,69.24710138336539,19.82556849404214,3.644932841760134,0.768486159941222
Teste,77.3265306122449,8.793550512292796,1.2355980366830277,0.3233911637741017,82.81736411799744,25.87332599304237,3.8003184733722506,0.6280760604340156
