Conjunto,MSE,RMSE,MAE,R2,MAPE (ign. zeros),SMAPE,Poisson_Deviance,Pearson
Treino,0.0008418394191308007,0.029014469134051046,0.0008067627766670174,0.9962517172357005,3.919859710030075,0.09874417525792598,0.019439598529142264,0.9983549718083214
Validação,2.9765317594154017,1.725262808796214,0.19948004496908375,0.4080433767652055,48.38836973107378,5.737333484241089,1.4544508900980333,0.6404630213312934
Teste,2.3471402473299605,1.5320379392593255,0.15300028105677346,0.36975815357527797,44.07637886946682,5.494343407005202,1.2292830355313187,0.6104087717474787
