Conjunto,MSE,RMSE,MAE,R2,MAPE (ign. zeros),SMAPE,Poisson_Deviance,Pearson
Treino,0.004230557395892369,0.06504273515076352,0.004110824639404848,0.9995194669157397,0.9303847789789783,0.11568528312539401,0.0013377364277573527,0.9997625201691719
Validação,0.08317419561903233,0.2883993682708621,0.01564631308673674,0.911666370747676,6.113443557924948,0.547779275945495,0.054117227199333096,0.9556988064394017
Teste,1.6001604750060179,1.2649744957927087,0.11467543930032897,0.8365525584784282,9.229359831129607,3.0305431354693737,0.22752693440737848,0.9175155460739817
