Conjunto,MSE,RMSE,MAE,R2,MAPE (ign. zeros),SMAPE,Poisson_Deviance,Pearson
Treino,0.08951882375569858,0.29919696481698904,0.011986369756393596,0.8368285785639341,55.48169571041493,1.192447129997042,0.17615390613781717,0.9207321453313081
Validação,0.033982119927984,0.18434239861731214,0.013768068546013474,0.6665258631471894,65.79698998059882,1.694547361162984,0.23625630458348004,0.8203204571483997
Teste,0.06419609054466661,0.25336947437421625,0.030390543633154698,0.6852468123851319,61.83886359110446,3.988018458581573,0.573693857445563,0.8312203497323275
