Feature,Importance
CASES_MM_7_t-0,0.4568301919297563
CASES_ACC_7_t-0,0.42882278997928414
CASES_LAG_2_t-0,0.022794028647914445
CASES_LAG_3_t-0,0.019851932256553403
CASES_LAG_4_t-0,0.0185344791753592
CASES_LAG_6_t-0,0.018192799175821974
CASES_LAG_5_t-0,0.018090152581203695
CASES_LAG_1_t-0,0.016883626254106922
