Conjunto,MSE,RMSE,MAE,R2,MAPE (ign. zeros),SMAPE,Poisson_Deviance,Pearson
Treino,0.034831105966536886,0.18663093518100607,0.015398646041600898,0.8449148006271089,60.84480575524923,2.021712562084925,0.3165468682527508,0.9309908986648688
Validação,2.338954468802698,1.5293640733333245,0.20496065205171446,0.5348413182984788,66.93373929154795,9.089296838632151,0.9244643595412413,0.7388553017163014
Teste,1.8002037661607644,1.3417167235153493,0.17204187745924676,0.5166186823235016,69.55471595381727,10.09432620927943,0.9763365056896476,0.7309074557014731
