Conjunto,MSE,RMSE,MAE,R2,MAPE (ign. zeros),SMAPE,Poisson_Deviance,Pearson
Treino,0.089373303507038,0.2989536812067013,0.011974893396089132,0.8370938271990869,55.448604698243976,1.193736763784058,0.17635095164862433,0.9207044962562417
Validação,0.034104326812190396,0.18467356825542305,0.013761757392369012,0.6653266196828451,65.75705539293249,1.692659706642937,0.23595247679626083,0.8195168487024725
Teste,0.06339458674900644,0.2517828166277565,0.030344612183546667,0.6891765824447889,61.78389421042443,3.9844945575331923,0.572762042574299,0.8337384085653068
