Conjunto,MSE,RMSE,MAE,R2,MAPE (ign. zeros),SMAPE,Poisson_Deviance,Pearson
Treino,0.03220174238606091,0.17944843935253632,0.0140218878248974,0.8553543389286898,55.32409762584055,1.7737115649005442,0.270634125751035,0.9379768693047552
Validação,2.554685809104682,1.598338452614052,0.21769713584878436,0.5049430138631394,65.97989156071871,9.532852393469147,0.9833701893794908,0.7332209574559407
Teste,2.12210518721593,1.4567447227348824,0.19201356323497584,0.44483021289917934,68.73347072317316,10.916563174376167,1.020221168755491,0.6844372182133286
