Feature,Importance
CASES_ACC_7_t-0,0.2077144929168173
CASES_MM_7_t-0,0.20709214654106786
CASES_MM_14_t-0,0.12614921652975447
CASES_LAG_1_t-0,0.12248893641382967
CASES_ACC_14_t-0,0.1131849882542176
CASES_LAG_2_t-0,0.08512106834626951
CASES_MM_21_t-0,0.035874650651651574
CASES_ACC_21_t-0,0.03423817664081291
CASES_LAG_3_t-0,0.025438768118547405
CASES_ACC_28_t-0,0.02210290201466338
CASES_MM_28_t-0,0.013337554776457252
CASES_LAG_4_t-0,0.007257098795911131
CASES_LAG_5_t-0,0.0
CASES_LAG_6_t-0,0.0
