Conjunto,MSE,RMSE,MAE,R2,MAPE (ign. zeros),SMAPE,Poisson_Deviance,Pearson
Treino,8.578406242533944,2.9288916406268677,0.23079882243845945,0.5421092733273399,85.63758734682106,12.4361888625462,1.3834316647528426,0.748163231491509
Validação,1.4188024198261304,1.1911349293115916,0.15586598258079856,0.32414375545159,83.49581152088379,12.517231583488764,1.2150087373836038,0.6079873724782143
Teste,2.438275323153062,1.561497781987878,0.32996613811740955,0.4672305264094241,70.72982680422231,26.672180746821155,2.231399888934875,0.6856347704285672
