Feature,Importance
CASES_MM_7_t-0,0.20030197298962618
CASES_ACC_7_t-0,0.19868600968816036
CASES_LAG_1_t-0,0.14264362505859962
CASES_ACC_14_t-0,0.12267662067649408
CASES_MM_14_t-0,0.09814502139115155
CASES_LAG_2_t-0,0.057256459465682336
CASES_MM_21_t-0,0.05495886250304761
CASES_ACC_21_t-0,0.05183648688542557
CASES_LAG_3_t-0,0.04554011474637902
CASES_ACC_28_t-0,0.012055346034457322
CASES_MM_28_t-0,0.011295906818832814
CASES_LAG_4_t-0,0.004603573742143592
CASES_LAG_5_t-0,0.0
CASES_LAG_6_t-0,0.0
