Conjunto,MSE,RMSE,MAE,R2,MAPE (ign. zeros),SMAPE,Poisson_Deviance,Pearson
Treino,0.6349813318544981,0.7968571590031039,0.05310265223082727,0.9574742280914371,44.835506188026336,3.7409314865503154,0.4995999349517176,0.9801770861190487
Validação,0.4988287673980185,0.7062781091029359,0.0796077172997473,0.7615124123344773,62.54237207526171,6.006774665735935,0.6842389045305668,0.8738328774219679
Teste,1.014664033213753,1.0073053326642092,0.17508162360433713,0.7761919995281839,52.77370072058568,13.119633303929806,1.2989838162260663,0.8811615108172174
