Conjunto,MSE,RMSE,MAE,R2,MAPE (ign. zeros),SMAPE,Poisson_Deviance,Pearson
Treino,0.09016884480334339,0.3002812761451226,0.012030438979962733,0.8356437455438196,55.335401969416885,1.1986621685289318,0.17606177878699117,0.9199165444191337
Validação,0.034616677739872606,0.18605557701899883,0.013831180082458091,0.6602988055342092,65.80863806801136,1.6985405243162184,0.23611631902834837,0.8160461759762048
Teste,0.06436259204949572,0.2536978361151228,0.030410064499238113,0.6844304561406473,61.856907962534294,3.9850927409477053,0.5733847622128166,0.8309231801352932
