Conjunto,MSE,RMSE,MAE,R2,MAPE (ign. zeros),SMAPE,Poisson_Deviance,Pearson
Treino,0.08886558932716854,0.2981033198861907,0.01199141935492756,0.8380192688094306,55.518779403037314,1.1972974904502065,0.17648751498590887,0.9213042938170166
Validação,0.034147931146461225,0.1847915884082964,0.013765199839811445,0.6648987206063655,65.78992218441687,1.6924020509432172,0.23648052943974,0.8192929993126657
Teste,0.06406288934080331,0.253106478267158,0.030383653915713495,0.6858998973807195,61.907356303139906,3.985160309872059,0.5736501378305602,0.8319054815274077
