Conjunto,MSE,RMSE,MAE,R2,MAPE (ign. zeros),SMAPE,Poisson_Deviance,Pearson
Treino,0.0882550469589711,0.2970775100188015,0.011951022566655848,0.8391321416319957,55.38517432760316,1.191625358960278,0.176159231883584,0.9217614763702018
Validação,0.03406129621915997,0.18455702701105686,0.013762331133609418,0.6657488885083185,65.7813182760286,1.6910153417385367,0.2360959792386931,0.8196829903809247
Teste,0.06362079913832601,0.2522316378615617,0.030414657644198914,0.6880674639609028,61.878984705491426,3.9900111418753244,0.5734840961469388,0.8331292192047618
