Conjunto,MSE,RMSE,MAE,R2,MAPE (ign. zeros),SMAPE,Poisson_Deviance,Pearson
Treino,1.5245578815743583,1.2347298820285992,0.08199712484794869,0.8912746647686769,53.69081185483725,4.228156387631296,0.4201262787845626,0.9472865541861046
Validação,0.7101606553888712,0.8427103033598623,0.09680817108203,0.7013742556238138,68.06034675206092,6.839962410620257,0.6780498126557517,0.8376469485859769
Teste,1.5691700903861956,1.2526651948490448,0.2232812927964941,0.7129562701707208,56.48160785720571,15.724172280843757,1.3325452058685638,0.8454107830975481
