Conjunto,MSE,RMSE,MAE,R2,MAPE (ign. zeros),SMAPE,Poisson_Deviance,Pearson
Treino,0.08911072438327187,0.298514194609355,0.012001518551995487,0.8375724461874382,55.51819268969952,1.1944265644509118,0.1762283844392308,0.9207344249054404
Validação,0.034352183028045616,0.18534341916573574,0.013745692637637655,0.6628943512481187,65.66711393771392,1.690972331690831,0.23580040546179445,0.8179283389480315
Teste,0.06395609872046465,0.25289543040645207,0.030311311882580842,0.6864234913858027,61.678331222868366,3.9709218723582076,0.5713579807464759,0.8319882901992488
