Conjunto,MSE,RMSE,MAE,R2,MAPE (ign. zeros),SMAPE,Poisson_Deviance,Pearson
Treino,0.0023923599244246407,0.04891175650520681,0.0021924592299309375,0.9998397796165563,0.8689981294805933,0.027020129966594204,0.0002759790652747139,0.9999211618683473
Validação,0.36177850868396777,0.6014802645839411,0.044374473546989694,0.8270354689940591,24.382884923849645,1.6890984831624074,0.18888545036315918,0.911600462246629
Teste,0.7817163126284816,0.884147223390133,0.09693256479503407,0.8275740943419003,22.451747197629448,3.9708534033020264,0.4205483912981984,0.9102273999366877
