Conjunto,MSE,RMSE,MAE,R2,MAPE (ign. zeros),SMAPE,Poisson_Deviance,Pearson
Treino,0.08921125729953897,0.298682535980159,0.012007486259353807,0.8373891987076323,55.57353735692211,1.1981235169462365,0.1767218183551758,0.9206519826317265
Validação,0.034215058871588676,0.18497313013405128,0.013774953440898342,0.664239981238627,65.76723209012472,1.6964649869975645,0.2363903741198018,0.8186508757238606
Teste,0.0637505554834687,0.25248872347783907,0.03037906077075269,0.6874312690945114,61.883185988765746,3.9822910027304514,0.5728573380449095,0.8329533048553298
