Feature,Importance
CASES_MM_7_t-0,0.19299282653069047
CASES_ACC_7_t-0,0.19072451742055868
CASES_LAG_1_t-0,0.1630413091617397
CASES_ACC_14_t-0,0.11705805157645406
CASES_MM_14_t-0,0.10021065209603308
CASES_LAG_2_t-0,0.09777366569407327
CASES_ACC_21_t-0,0.057635334585558834
CASES_LAG_3_t-0,0.029525581794110693
CASES_MM_21_t-0,0.028790937172380973
CASES_MM_28_t-0,0.008116965594839938
CASES_ACC_28_t-0,0.007082909859088258
CASES_LAG_4_t-0,0.007047248514472007
CASES_LAG_5_t-0,0.0
CASES_LAG_6_t-0,0.0
