Conjunto,MSE,RMSE,MAE,R2,MAPE (ign. zeros),SMAPE,Poisson_Deviance,Pearson
Treino,0.6446184798519445,0.8028813610066836,0.05330577713007087,0.9568288120185086,45.178441746497306,3.7441933428663394,0.502755726553488,0.9798410111878046
Validação,0.49581244234086075,0.7041395048858292,0.07965585014640407,0.76295450255363,62.40533251657676,5.986836603720662,0.6838024426212063,0.874142875579977
Teste,1.0220806965214237,1.0109800673215192,0.17506550042323352,0.774556080119663,52.69906450617772,13.055509423917647,1.3066182061874692,0.880311350385571
