Conjunto,MSE,RMSE,MAE,R2,MAPE (ign. zeros),SMAPE,Poisson_Deviance,Pearson
Treino,4.566976421842478e-06,0.002137048530530479,4.566976421842478e-06,0.9999879320238382,0.007008212124101798,0.00010814241100961261,1.070503264625832e-06,0.9999939695624656
Validação,0.0008272357073322334,0.02876170557064086,0.0004250437612259542,0.9851242594212573,1.0448649032314612,0.019950013515371186,0.002020738087594509,0.9927979581381727
Teste,0.025845402900352376,0.16076505497262886,0.004620637017198276,0.9375906079483523,1.6947500173181727,0.14662499426934436,0.01655169037801249,0.9695146203106914
