Conjunto,MSE,RMSE,MAE,R2,MAPE (ign. zeros),SMAPE,Poisson_Deviance,Pearson
Treino,0.0898924940472119,0.29982076987295575,0.012049719265274232,0.8361474669266649,55.6511039059631,1.1957394495148632,0.17661138471588267,0.9198604722158005
Validação,0.03412957142676824,0.18474190490186096,0.013783559559504424,0.6650788886385675,65.78546822579129,1.6932396538055048,0.23621053833103403,0.8193673975044032
Teste,0.06487587599886549,0.2547074321626,0.03047781338740996,0.6819138268904086,62.095136524514274,3.994451668135789,0.5759504383144101,0.8291388713237894
