Conjunto,MSE,RMSE,MAE,R2,MAPE (ign. zeros),SMAPE,Poisson_Deviance,Pearson
Treino,12.131325910931174,3.4830052987228104,3.0296052631578947,-2.0101718374551645,139.63976254508034,193.0854895708231,6.030015729315067,0.13700846636198205
Validação,166.4925521350546,12.903199298431943,4.480635551142006,-0.006508468793507971,108.11843969486729,181.8286324239681,13.145239216505079,-0.0174099094823889
Teste,114.15156882591093,10.684173754947592,3.9076417004048585,-0.019235775687484136,111.5464386973,179.23583019226575,10.39457992508873,-0.010249477814066283
