Conjunto,MSE,RMSE,MAE,R2,MAPE (ign. zeros),SMAPE,Poisson_Deviance,Pearson
Treino,0.09015415506215367,0.3002568151801948,0.012017585456421735,0.8356705214312798,55.4820686560467,1.1933592721306068,0.1761623841444315,0.9197344846997149
Validação,0.0344416866615489,0.18558471559249942,0.013752577532522523,0.6620160320911341,65.79351732486883,1.6847983355233809,0.23623297024017867,0.8169932551876821
Teste,0.0641892008272254,0.2533558778225313,0.03033542589362506,0.6852805926435244,61.87597900536063,3.971081130096727,0.5727905368597156,0.8311806564173019
