Conjunto,MSE,RMSE,MAE,R2,MAPE (ign. zeros),SMAPE,Poisson_Deviance,Pearson
Treino,0.002473385172817919,0.049733139583359495,0.001840808192835905,0.9954916099488863,5.874247932704187,0.09995152080978432,0.009041173113208952,0.9977570992659961
Validação,0.01758516901843201,0.1326090834687881,0.004675991109305739,0.8274328066565594,14.951352540846067,0.3234264722052087,0.041503020198747,0.9117615601914881
Teste,0.033929561825453605,0.18419978779969753,0.010054394319198313,0.8335895142668303,14.59085175799681,0.7796731426647172,0.10120329612417926,0.9159350886096351
