Conjunto,MSE,RMSE,MAE,R2,MAPE (ign. zeros),SMAPE,Poisson_Deviance,Pearson
Treino,1.499234426968586,1.2244322876209146,0.08170790836941451,0.8930806316817761,53.52227974303151,4.212912428042417,0.4175609472938489,0.9478312497785549
Validação,0.7177518884987765,0.8472023893372683,0.09648366847536972,0.6981821080147108,67.69546523299232,6.7574214973001885,0.6705293912018655,0.8356128539469302
Teste,1.5166803615447821,1.2315357735546224,0.2199178307313065,0.7225580639065794,55.90531832694283,15.540827324828227,1.311743231558264,0.8522245345447731
