Conjunto,MSE,RMSE,MAE,R2,MAPE (ign. zeros),SMAPE,Poisson_Deviance,Pearson
Treino,0.02006983944128447,0.14166806076630142,0.0030419756641946864,0.9098491268336999,0.02959076223937724,0.2199938134569645,0.0058366897782516835,0.9563204327287507
Validação,3.1796160381792546,1.7831477892141343,0.24053653422032611,0.3852162106217718,52.93273623102724,8.62052664910613,0.5570626569278242,0.6294870414964514
Teste,2.628945370403847,1.621402285185218,0.20810586066018294,0.31377558644707626,52.17954690412587,9.26062722566621,0.4337127450397581,0.5602228987385296
