Conjunto,MSE,RMSE,MAE,R2,MAPE (ign. zeros),SMAPE,Poisson_Deviance,Pearson
Treino,1.4878018696994701,1.2197548399983786,0.08190355481077587,0.8938959556761346,53.612470162423875,4.22727529765098,0.4212206732720109,0.9480665328310629
Validação,0.7125119693584424,0.8441042408129712,0.09620172358761571,0.7003855175416671,67.88191430932106,6.741420378321057,0.675223260064973,0.8371489494455647
Teste,1.5663982470556013,1.251558327468441,0.22278827718433306,0.7134633154254009,56.482659364629995,15.644153906045219,1.3179610008664149,0.8459979248037545
