Conjunto,MSE,RMSE,MAE,R2,MAPE (ign. zeros),SMAPE,Poisson_Deviance,Pearson
Transferência,2.8059276447632104,1.6750903392841863,0.2993706711668952,0.24711528117380022,127.05393212479315,13.386324614968526,0.4650923133837735,0.7627088384069047
