Conjunto,MSE,RMSE,MAE,R2,MAPE (ign. zeros),SMAPE,Poisson_Deviance,Pearson
Treino,1.5336511879141537,1.238406713448435,0.0820056312149644,0.890626166740426,53.4637580258761,4.211361273205874,0.4186899495851075,0.9465816295473115
Validação,0.719640387275242,0.8483162071275322,0.09638259389296734,0.697387985799412,68.39587479457715,6.763737473389835,0.6792155960910251,0.8352698405236583
Teste,1.5713612708846891,1.25353949713788,0.2222295261572172,0.7125554438824362,56.570265715276925,15.62419644305795,1.3312521050142916,0.8455694276814463
