Conjunto,MSE,RMSE,MAE,R2,MAPE (ign. zeros),SMAPE,Poisson_Deviance,Pearson
Treino,0.09088451063192972,0.3014705800437743,0.012004272878468558,0.8343392577766172,55.308290811128494,1.1906041608707287,0.17615469782851487,0.9188728128810616
Validação,0.03430341502261114,0.1852118112394864,0.01375429875624374,0.6633729225836551,65.67384996435717,1.6897807601584054,0.2357363223324536,0.8179829069144454
Teste,0.06372299661370388,0.2524341431219317,0.03033542589362506,0.6875663901280813,61.79319191686912,3.980020788187428,0.572684832498306,0.8327182741661655
