Conjunto,MSE,RMSE,MAE,R2,MAPE (ign. zeros),SMAPE,Poisson_Deviance,Pearson
Treino,0.002841657420637138,0.05330719858177822,0.0026820137453204447,0.9996772268339685,0.7205439651459072,0.0415333206896318,0.00041362858883169134,0.9998415091166011
Validação,0.051656904437133916,0.22728155322668384,0.011666532937494985,0.9451387318998203,4.933512386581179,0.4206939413756451,0.027569962665438652,0.9727854787423837
Teste,1.6766910053759128,1.2948710381253852,0.10076225627858461,0.8287353928987065,7.821299844657996,2.398272434532711,0.14373190193530724,0.9123634265926498
