Conjunto,MSE,RMSE,MAE,R2,MAPE (ign. zeros),SMAPE,Poisson_Deviance,Pearson
Transferência,91.16902457185405,9.548247198928925,1.9305038471084637,0.17046862868056523,189.99785145969918,29.359130155778217,3.0181084322924665,0.7094241595890551
