Conjunto,MSE,RMSE,MAE,R2,MAPE (ign. zeros),SMAPE,Poisson_Deviance,Pearson
Treino,0.0010439916480668155,0.03231085959962711,0.0007199942400460796,0.9953105375393315,0.9808746184061743,0.03011909666669044,0.0025854912132680006,0.998915963988125
Validação,4.2319096746266505,2.057160585522348,0.2521823822235048,0.17992402758195924,56.46113963314854,8.278867820010746,3.186119648618505,0.5382010150327431
Teste,3.2603708246158285,1.8056496959864137,0.1854844527811846,0.14704540214315087,52.080471319735686,7.550159610296832,2.9202775350008108,0.4475824917557252
