Conjunto,MSE,RMSE,MAE,R2,MAPE (ign. zeros),SMAPE,Poisson_Deviance,Pearson
Treino,0.15156882591093118,0.38931841198552525,0.013157894736842105,0.9623909031425726,1.5103665595822409,0.11682491680520836,0.0030220179039332994,0.9947804749228322
Validação,165.62604509754243,12.869578279708408,1.9954395743602735,0.018314893487813788,66.2700631455729,21.876218845215615,13.39536492424246,0.33282787061826996
Teste,109.89124257297856,10.482902392609528,1.4174631878067683,0.0384492209851347,58.82045309133767,22.85041485943176,9.623505183202077,0.29498421345957576
