Conjunto,MSE,RMSE,MAE,R2,MAPE (ign. zeros),SMAPE,Poisson_Deviance,Pearson
Treino,4.696862348178137,2.1672245726223522,1.0680668016194332,-0.16544249727473814,27.951238283314638,191.01628915460685,2.3852702355340174,
Validação,166.68073485600794,12.91048933449108,2.798411122144985,-0.007646102278557221,51.42758461911946,181.8074050676256,13.852698956216935,
Teste,112.36816801619433,10.60038527678095,2.250759109311741,-0.0033121582869619637,46.081554972517864,178.16315438362565,9.867492376681957,
