Conjunto,MSE,RMSE,MAE,R2,MAPE (ign. zeros),SMAPE,Poisson_Deviance,Pearson
Transferência,3.0081347843378285,1.7343975277709054,0.30659098304349397,0.21479710019486808,119.09738561679755,14.501605903297593,0.8409301482550723,0.707931267206638
