Conjunto,MSE,RMSE,MAE,R2,MAPE (ign. zeros),SMAPE,Poisson_Deviance,Pearson
Transferência,71.84267631103074,8.476005917354632,1.6060449496254199,0.37137500900030074,151.79716096815721,32.129063009921246,2.775756614180767,0.7594625260184572
