Conjunto,MSE,RMSE,MAE,R2,MAPE (ign. zeros),SMAPE,Poisson_Deviance,Pearson
Treino,0.08908088584648027,0.2984642120028468,0.011969843797555169,0.8376268347088418,55.54590005867105,1.1934073443650268,0.17662094988195742,0.9206435975994479
Validação,0.03382491482811286,0.1839155100259705,0.013743971413916438,0.6680685519229187,65.71525076559777,1.6893511249670687,0.23611286674322066,0.8212923336428686
Teste,0.06435914719077512,0.2536910467296296,0.03050537225717478,0.6844473462698435,62.14552783411121,3.9981571386769192,0.5758833839589115,0.8305812875187987
