Conjunto,MSE,RMSE,MAE,R2,MAPE (ign. zeros),SMAPE,Poisson_Deviance,Pearson
Treino,0.06419025570872357,0.2533579596316713,0.009856536532323126,0.7141934392221644,2.662392247271121,0.7483616053468194,0.014599693139835921,0.8545195429095326
Validação,2.082630691399663,1.4431322501419137,0.18908094435075884,0.585817612183577,44.00791859955221,6.920408770304631,0.2803906778631327,0.7719108261792846
Teste,2.002072793704328,1.4149462158344848,0.17295531197301856,0.4624138648654278,45.168340273721455,7.766160109665822,0.34441420316160704,0.6823582754641049
