Conjunto,MSE,RMSE,MAE,R2,MAPE (ign. zeros),SMAPE,Poisson_Deviance,Pearson
Treino,0.089651031426406,0.2994178208230198,0.012013913021124306,0.8365875955767922,55.58350475666718,1.1950139640610753,0.17645200320251941,0.9203240197403483
Validação,0.03379335905989055,0.1838297012451757,0.013718153058098186,0.6683782157282658,65.71851479589597,1.690688667808116,0.23627096341279552,0.8216206146015088
Teste,0.06386997725244958,0.25272510214153554,0.030300977306419036,0.6868457446157086,61.969345982943125,3.9672531406432463,0.573649888866718,0.8322818521486377
