Conjunto,MSE,RMSE,MAE,R2,MAPE (ign. zeros),SMAPE,Poisson_Deviance,Pearson
Treino,0.6621033422106437,0.813697328378706,0.053018822907329906,0.9556578212645803,44.833352507209646,3.717134121453987,0.4994019113271739,0.979198285533475
Validação,0.497404837351089,0.7052693367438351,0.07960370622919258,0.7621931863076146,62.31529391513148,5.999824269386546,0.6817726862174512,0.8738016449175553
Teste,1.0114635817646822,1.0057154576542424,0.1751541779193035,0.7768979343164261,52.5483745348332,13.087600907838844,1.2963425240504336,0.8815501920497775
