Feature,Importance
CASES_ACC_14_t-0,0.21279231142234273
CASES_MM_14_t-0,0.17959729402474817
CASES_ACC_21_t-0,0.14265226849903384
CASES_MM_21_t-0,0.1301642143650971
CASES_ACC_28_t-0,0.08507362991074188
CASES_MM_28_t-0,0.07982425891160241
CASES_MM_7_t-0,0.07516922691168021
CASES_ACC_7_t-0,0.06572796021790692
CASES_LAG_6_t-0,0.023927057614112422
CASES_LAG_5_t-0,0.004290583690081604
CASES_LAG_1_t-0,0.0006466372386518882
CASES_LAG_2_t-0,0.00013455719400092897
CASES_LAG_4_t-0,0.0
CASES_LAG_3_t-0,0.0
