Conjunto,MSE,RMSE,MAE,R2,MAPE (ign. zeros),SMAPE,Poisson_Deviance,Pearson
Treino,0.08938202554086938,0.29896826845146857,0.012043292503503732,0.8370779290159074,55.49756078566344,1.2020719636196988,0.1763581650061045,0.9205646774834407
Validação,0.034171454537317854,0.18485522588587494,0.013771510993455907,0.6646678803151067,65.86557445723375,1.694457107205038,0.23630303127447927,0.8189484784903196
Teste,0.06422250112819124,0.2534215877311782,0.030428437079081324,0.6851173213946274,62.007110053060366,3.9843541422193027,0.5731738677217447,0.8313401858587376
