Conjunto,MSE,RMSE,MAE,R2,MAPE (ign. zeros),SMAPE,Poisson_Deviance,Pearson
Treino,1.4727115746135984,1.2135532846206625,0.08149524919402172,0.8949721348174976,53.59492219087104,4.218171758032549,0.4173919488940701,0.9484125592634362
Validação,0.7094903713160975,0.8423125140445781,0.09616980529843601,0.7016561130861454,68.0950114172917,6.727152246550759,0.6700389123873685,0.8379730645961339
Teste,1.5309887701999452,1.2373313097953778,0.22033415502602027,0.7199406682440808,56.425830638053895,15.528646232464482,1.3180205556909323,0.8498409664854293
