Conjunto,MSE,RMSE,MAE,R2,MAPE (ign. zeros),SMAPE,Poisson_Deviance,Pearson
Treino,0.06726300457240092,0.25935112217301265,0.015374094418379752,0.8550786051125104,64.19064512119958,1.3744368806165594,0.17214663085293375,0.9302945720014768
Validação,0.0410947361513774,0.20271836658620107,0.015184121359628716,0.6285516498055731,67.07794938836926,1.7605359051479874,0.229268110989346,0.7957802670681045
Teste,0.08093486128768038,0.2844905293461988,0.03452122649632162,0.650434069853574,62.83692241469894,4.311274198959644,0.5555822465227163,0.8082616541098095
