Conjunto,MSE,RMSE,MAE,R2,MAPE (ign. zeros),SMAPE,Poisson_Deviance,Pearson
Treino,0.09002194739144626,0.3000365767559786,0.011970761906379525,0.8359115044184218,55.41162280334995,1.1933449939296872,0.17613909045393966,0.92022440193605
Validação,0.03421219016538665,0.18496537558523393,0.013777822147100369,0.6642681324936586,65.8781880441498,1.69451616756095,0.236103129040513,0.8185733099012913
Teste,0.06393313299566063,0.25285002075471663,0.030499630825973775,0.6865360922471111,62.120788824277284,4.005769866336346,0.5754904688015121,0.8319543010793286
