Conjunto,MSE,RMSE,MAE,R2,MAPE (ign. zeros),SMAPE,Poisson_Deviance,Pearson
Treino,1.5118919010879643,1.229590135406089,0.08176745293852448,0.8921779515451649,53.63137584447486,4.190663258901163,0.41586087156535073,0.9472686138926227
Validação,0.7172624747313544,0.8469134989663079,0.09665389935099479,0.6983879087014926,68.4230569459231,6.764842639738188,0.6774481349841752,0.8358358364958525
Teste,1.551498219665845,1.2455915139666955,0.22173651054505614,0.7161889341857365,56.383433391440285,15.533990975237884,1.3225228744791573,0.8473293311812143
