Feature,Importance
TEM_MIN_t-0,0.5629572831454082
RAIN_t-0,0.15006043531863517
TEM_MAX_t-0,0.14373563463476946
RH_AVG_t-0,0.14324664690118713
