Conjunto,MSE,RMSE,MAE,R2,MAPE (ign. zeros),SMAPE,Poisson_Deviance,Pearson
Treino,3.887398785425101,1.9716487479835503,0.2601214574898785,0.035411427344477886,89.72385471943166,23.488322644215817,4.333986551176854,0.19320759572923313
Validação,169.62909632571996,13.024173537146991,2.191658391261172,-0.02547002743481519,95.0515638608244,47.063070309684434,100.76263103998177,-0.0011737214402130032
Teste,114.71027327935222,10.710288197772842,1.7092611336032388,-0.024224332330553544,98.43519219476026,49.87563407085024,79.77868398534406,-0.022066330093163482
