Feature,Importance
CASES_MM_7_t-0,0.12087063131688316
CASES_ACC_7_t-0,0.11704333620391173
CASES_MM_28_t-0,0.07772915951940422
CASES_ACC_14_t-0,0.07066629527519663
CASES_ACC_28_t-0,0.06985495360170138
CASES_MM_21_t-0,0.06177769710840483
CASES_MM_14_t-0,0.058836064781149555
CASES_ACC_21_t-0,0.05197866182597335
CASES_LAG_1_t-0,0.04625325434069245
CASES_LAG_5_t-0,0.02636309237101218
CASES_LAG_4_t-0,0.02386343946297059
CASES_LAG_2_t-0,0.022697682910234846
WEEK_OF_YEAR_t-0,0.017702435692216693
RAIN_MM_28_t-0,0.014618989298633681
RH_MM_7_t-0,0.013880626083215778
RAIN_ACC_28_t-0,0.013593685190704478
RH_MM_28_t-0,0.012756830109023539
CASES_LAG_3_t-0,0.01230485661867737
RAIN_MM_21_t-0,0.009967750467559851
RAIN_ACC_7_t-0,0.009810932300182654
RAIN_MM_7_t-0,0.009243703003456812
TEM_AVG_MM_14_t-0,0.009027225360812043
RAIN_ACC_21_t-0,0.008730540901176725
TEM_AVG_MM_28_t-0,0.00855062299113092
TEMP_RANGE_MM_14_t-0,0.0077345471705153705
TEM_AVG_MM_7_t-0,0.007621850612626988
TEMP_RANGE_MM_7_t-0,0.007586482198497624
TEM_AVG_MM_21_t-0,0.007493423725813599
TEM_MAX_t-0,0.006566641973295591
RH_MM_21_t-0,0.006366501518070184
RAIN_MM_14_t-0,0.006137592024615357
TEMP_RANGE_MM_28_t-0,0.005961450294262263
TEM_AVG_t-0,0.005936974736391464
RH_MM_14_t-0,0.005914265480621493
CASES_LAG_6_t-0,0.00562320140907995
TEMP_RANGE_t-0,0.00536414552421973
RAIN_ACC_14_t-0,0.005281446422686629
RH_MIN_t-0,0.0050659181944324155
TEMP_RANGE_MM_21_t-0,0.004957281650303093
RH_MAX_t-0,0.00448006230381423
RH_AVG_t-0,0.004429253647804173
RAIN_t-0,0.004360923942734672
TEM_MIN_t-0,0.0042634358085217264
EXTREME_RAIN_t-0,0.0003763205151272961
SIGNIFICANT_RAIN_t-0,0.0002800256492383057
IDEAL_TEMP_t-0,7.578846300233734e-05
EXTREME_TEMP_t-0,0.0
