Feature,Importance
CASES_ACC_14_t-0,0.18863064058507611
CASES_MM_14_t-0,0.16052990533724093
CASES_MM_21_t-0,0.134753206058531
CASES_ACC_21_t-0,0.1289676069816791
CASES_MM_28_t-0,0.09933870818783568
CASES_ACC_28_t-0,0.08548583293947541
CASES_ACC_7_t-0,0.08529910339710622
CASES_MM_7_t-0,0.0711254323947746
CASES_LAG_6_t-0,0.018408196532632395
CASES_LAG_1_t-0,0.014913609595945832
CASES_LAG_5_t-0,0.0124656684203599
CASES_LAG_2_t-0,8.208956934287214e-05
CASES_LAG_4_t-0,0.0
CASES_LAG_3_t-0,0.0
