Conjunto,MSE,RMSE,MAE,R2,MAPE (ign. zeros),SMAPE,Poisson_Deviance,Pearson
Treino,0.4405877895026927,0.6637678732077146,0.03610387075290795,0.35761908172428747,84.40092924925419,2.932430371176913,0.4713425452539772,0.601548693222902
Validação,0.0846578131342389,0.2909601572969036,0.022636389889955696,0.16978205234451382,81.03233235238669,2.716043885379634,0.43870748795549236,0.45684609062448744
Teste,0.15726539951935792,0.39656701768976943,0.0512803707153288,0.2299734924032767,77.35782118986744,6.6203109923762975,1.0281267861235013,0.4871322514258637
