Conjunto,MSE,RMSE,MAE,R2,MAPE (ign. zeros),SMAPE,Poisson_Deviance,Pearson
Treino,1.5003912928827228,1.2249046056255657,0.08180998477360304,0.8929981286585373,53.52999992961802,4.215004568825875,0.4164646455012676,0.9475300333225988
Validação,0.7145387807213534,0.8453039575923877,0.09623896159165869,0.6995332342627125,68.14871375825045,6.7487278863323645,0.67672043642617,0.8364630576767058
Teste,1.5715365653245685,1.2536094149792305,0.22196658449739798,0.7125233777793735,56.15611536404074,15.580358105299647,1.3286460120528052,0.8452157690140893
