Conjunto,MSE,RMSE,MAE,R2,MAPE (ign. zeros),SMAPE,Poisson_Deviance,Pearson
Treino,0.034708337717913644,0.18630173836524888,0.014644498228629555,0.8454614251969026,55.93205962806147,1.8620508620731686,0.28150874549731414,0.933483070391838
Validação,2.2545090180360723,1.5015022537565743,0.20549871673170902,0.5519602672592308,68.10659747512683,9.073811632222393,0.8857885423908411,0.747635358760425
Teste,1.8018844706957775,1.3423429035443133,0.17786450093168793,0.5165195062641861,70.31301609620985,10.313817130270904,0.9683181897067448,0.726947618953657
