Conjunto,MSE,RMSE,MAE,R2,MAPE (ign. zeros),SMAPE,Poisson_Deviance,Pearson
Treino,0.08931683981434003,0.2988592307664932,0.011955154056365455,0.837196747016512,55.36300879859057,1.1922093731793288,0.17632039455162918,0.9204217495524903
Validação,0.03425292579345545,0.18507545972779713,0.013726759176704269,0.6638683846722104,65.81052218049444,1.6877830231569468,0.23644459318574437,0.8182333822728505
Teste,0.06397217472782746,0.252927212311818,0.03030442216513964,0.6863446707828871,62.016722137124304,3.9743406235905554,0.5750912364805627,0.8316775579922793
