Feature,Importance
CASES_ACC_7_t-0,0.22184563791760734
CASES_MM_7_t-0,0.1762071074126667
CASES_ACC_14_t-0,0.13637222787574552
CASES_MM_14_t-0,0.10453231606914316
CASES_LAG_1_t-0,0.10160146319692666
CASES_ACC_21_t-0,0.0562819783504248
CASES_MM_21_t-0,0.054501673155891286
CASES_LAG_2_t-0,0.045006450523752586
CASES_MM_28_t-0,0.04116873589208719
CASES_ACC_28_t-0,0.023689635717038977
CASES_LAG_3_t-0,0.013776623427488102
CASES_LAG_6_t-0,0.009709967445377637
CASES_LAG_4_t-0,0.008433319097404956
CASES_LAG_5_t-0,0.006872863918444942
