Feature,Importance
CASES_ACC_28_t-0,0.09878167766953797
CASES_ACC_21_t-0,0.0942679553001533
CASES_MM_28_t-0,0.08882641268820825
CASES_MM_21_t-0,0.0851759612386095
CASES_MM_14_t-0,0.07317037691925092
CASES_ACC_14_t-0,0.07137261134915715
CASES_ACC_7_t-0,0.05948237738439306
CASES_MM_7_t-0,0.05036436819097138
CASES_LAG_6_t-0,0.027660598719233178
RH_MM_28_t-0,0.014299941843355878
WEEK_OF_YEAR_t-0,0.013654954911936192
CASES_LAG_5_t-0,0.012840992053957685
RH_MM_14_t-0,0.011691994559470365
TEM_AVG_MM_7_t-0,0.011258159080502617
TEM_AVG_MM_21_t-0,0.011215744261024549
RH_MM_21_t-0,0.011192732282018305
RAIN_MM_28_t-0,0.011098605415689949
CASES_LAG_1_t-0,0.010884044691870142
RH_MM_7_t-0,0.010796200777117515
RH_MAX_t-0,0.010769305451765021
TEM_MIN_t-0,0.010554491781325712
RAIN_ACC_28_t-0,0.010532394798140955
TEM_AVG_MM_14_t-0,0.01044370739797154
RAIN_t-0,0.010233436970459992
TEMP_RANGE_t-0,0.010219720993310939
TEM_MAX_t-0,0.010106971369651009
RAIN_ACC_21_t-0,0.010067936780405016
TEM_AVG_MM_28_t-0,0.010029583486564726
RAIN_MM_21_t-0,0.010013346596218874
TEMP_RANGE_MM_28_t-0,0.009958982028112386
TEMP_RANGE_MM_14_t-0,0.00984832537925762
TEM_AVG_t-0,0.00982922842042594
TEMP_RANGE_MM_21_t-0,0.009738454117330493
RAIN_MM_7_t-0,0.009651955897774414
TEMP_RANGE_MM_7_t-0,0.009647396779818719
CASES_LAG_4_t-0,0.009536644006276343
RAIN_MM_14_t-0,0.009440688153245985
RAIN_ACC_7_t-0,0.009396160456969612
RAIN_ACC_14_t-0,0.009259910246504693
RH_MIN_t-0,0.009133338786320729
CASES_LAG_2_t-0,0.008556749995590664
RH_AVG_t-0,0.008384311776851254
CASES_LAG_3_t-0,0.00536029481796874
IDEAL_TEMP_t-0,0.0005526999197232072
SIGNIFICANT_RAIN_t-0,0.0005374977224398932
EXTREME_RAIN_t-0,0.00016075653311756522
EXTREME_TEMP_t-0,0.0
