Conjunto,MSE,RMSE,MAE,R2,MAPE (ign. zeros),SMAPE,Poisson_Deviance,Pearson
Treino,0.6823674690637554,0.82605536682704,0.053176808940074934,0.9543006984748995,44.810064886599385,3.7219476309513473,0.4987373885070274,0.9786856291130543
Validação,0.49180939392723916,0.7012912333169716,0.0796077172997473,0.7648683403710691,62.5080286736046,6.030431053936712,0.6877755390089442,0.8753907237466821
Teste,1.034060220081422,1.0168875159433426,0.17548470313192793,0.7719137146402478,52.7939720408136,13.108114437316557,1.3092751597110086,0.8789550533783741
