Conjunto,MSE,RMSE,MAE,R2,MAPE (ign. zeros),SMAPE,Poisson_Deviance,Pearson
Treino,0.08953167727923958,0.29921844408264603,0.012001059497583308,0.8368051496624064,55.47348460247464,1.1948505527768696,0.1765003806610978,0.92011856753973
Validação,0.03437742764262346,0.18541150892709832,0.013804214244159027,0.662646620203841,65.87119034851864,1.6956803279068167,0.23657995442496238,0.8177433733642924
Teste,0.06450497954328063,0.2539783052610609,0.030444513086444136,0.6837323308005363,62.06531610537215,3.997573874124225,0.5755378140931229,0.830022008504676
