Conjunto,MSE,RMSE,MAE,R2,MAPE (ign. zeros),SMAPE,Poisson_Deviance,Pearson
Treino,1.4952024090031388,1.222784694458979,0.08163985743328882,0.8933681789833579,53.629604598040935,4.216517416848419,0.4173254217943851,0.9477577380159976
Validação,0.7090913927013512,0.842075645474533,0.09667517821044792,0.7018238853851522,68.1354955306729,6.786501991701297,0.6720424328293678,0.8378484774504235
Teste,1.5594960284853465,1.2487978333122405,0.2215173924952068,0.7147259182334975,56.4298943864737,15.657354744114116,1.3333052886269718,0.8465284801219563
