Conjunto,MSE,RMSE,MAE,R2,MAPE (ign. zeros),SMAPE,Poisson_Deviance,Pearson
Treino,0.5358458306042072,0.732014911463016,0.0643294005563164,0.9617856309236446,50.017471694473336,3.980393978764364,0.4214895964691623,0.9818653815960583
Validação,0.5714916480476646,0.755970666129093,0.08004574954782423,0.759685195866623,59.574584720400395,5.516727658913177,0.5878067546040897,0.8718433359980274
Teste,1.2868583949602848,1.1343978115988609,0.1793700356066831,0.7645528771756898,48.89057827621149,12.302836544819774,1.1346645397551376,0.8746927748473123
