Conjunto,MSE,RMSE,MAE,R2,MAPE (ign. zeros),SMAPE,Poisson_Deviance,Pearson
Treino,0.27403846153846156,0.5234868303390846,0.015435222672064777,0.9320022505899934,1.4863472787269514,0.10259404589771802,0.004663741987282637,0.9882278795141527
Validação,146.86982543640897,12.118986155467336,1.7900249376558603,0.11597750931525286,63.534722503209316,17.95243965185971,7.1689907460443765,0.5198422250757531
Teste,101.58744280630401,10.079059619146223,1.3332486019318759,0.09698251069214003,59.67362015976434,19.349631060116213,5.820911815781431,0.42364616783724834
