Conjunto,MSE,RMSE,MAE,R2,MAPE (ign. zeros),SMAPE,Poisson_Deviance,Pearson
Treino,1.5068135999795846,1.2275233602582007,0.08188654207674444,0.8925401155515875,53.55869946606092,4.191846978193648,0.4164629668541748,0.9474306755238537
Validação,0.7178476433663156,0.8472588998448559,0.09645175018619002,0.6981418426629493,68.38360323765616,6.728626699604112,0.6756130213095426,0.8356762374200805
Teste,1.5778033415502601,1.256106421267824,0.22266776225691592,0.7113770145948795,56.508846840961866,15.572402881974448,1.328460130689901,0.843999748183923
