Conjunto,MSE,RMSE,MAE,R2,MAPE (ign. zeros),SMAPE,Poisson_Deviance,Pearson
Treino,0.6775859734196561,0.8231561051341696,0.053238068830323004,0.9546209233113508,44.85659604706639,3.728115634312848,0.4995043641465542,0.978814013069301
Validação,0.4920741245838514,0.7014799530876499,0.07961573944085676,0.7647417739422605,62.6217984648914,6.019637363455789,0.6866988439312703,0.8754839283333443
Teste,1.018694828489661,1.0093041308196757,0.1747107904389536,0.7753029128931181,52.64016851687459,13.080544601745242,1.3011855380581834,0.8808062885986143
