Conjunto,MSE,RMSE,MAE,R2,MAPE (ign. zeros),SMAPE,Poisson_Deviance,Pearson
Treino,0.08907904962883155,0.2984611358767361,0.011985451647569237,0.8376301816947742,55.30931360106531,1.192995019444693,0.17582862447513434,0.9209063815814945
Validação,0.03418006065592394,0.18487850241692227,0.013733070330348731,0.664583426550012,65.56011120030286,1.6918618700737336,0.2358319026867307,0.8189532629559627
Teste,0.0640456650472003,0.25307245019401126,0.03029523587521803,0.6859843480267007,61.73606763604636,3.9710484643947277,0.5720371875116358,0.8315693022839803
