Conjunto,MSE,RMSE,MAE,R2,MAPE (ign. zeros),SMAPE,Poisson_Deviance,Pearson
Treino,0.08989846175457022,0.2998307218324537,0.012005190987292915,0.8361365892223842,55.51788695337068,1.1947319758143753,0.17667659624294052,0.9196041189288554
Validação,0.03402744548597604,0.18446529615614976,0.013761757392369012,0.6660810733176908,65.79054067224845,1.6941546623742971,0.23669091658225846,0.8196434932945105
Teste,0.06368051002281645,0.25234997527801833,0.030311311882580842,0.6877747017215015,61.94370657759074,3.985270796360421,0.5751604802041415,0.8327039443929428
