Conjunto,MSE,RMSE,MAE,R2,MAPE (ign. zeros),SMAPE,Poisson_Deviance,Pearson
Treino,0.6659014554060241,0.81602785210189,0.053392830658318124,0.9554034552110808,44.85513320826749,3.725477388415615,0.4984492081732114,0.9789982798528117
Validação,0.4921222574305082,0.701514260318711,0.0795435401708716,0.7647187618642953,62.36230581076182,6.002170076315794,0.6831491703255386,0.8752439070517251
Teste,1.0400822282236286,1.0198442176252354,0.17570236607682696,0.7705854192074597,52.71156857100083,13.086385776615561,1.3014622769552984,0.8782473546179959
