Conjunto,MSE,RMSE,MAE,R2,MAPE (ign. zeros),SMAPE,Poisson_Deviance,Pearson
Treino,0.6843342339611934,0.8272449661141453,0.053338019177569855,0.9541689809089957,44.91303585780943,3.737319992880106,0.49979251722227863,0.978662646875697
Validação,0.499791424331154,0.7069592805325876,0.07972002727527977,0.7610521707751733,62.57015067686748,6.006796012693155,0.6844472358541717,0.8735556694763255
Teste,1.033802249183764,1.0167606646520921,0.17559756539965335,0.771970616184892,52.72781214647877,13.120602968066656,1.2991689256678216,0.8788911533590521
