Conjunto,MSE,RMSE,MAE,R2,MAPE (ign. zeros),SMAPE,Poisson_Deviance,Pearson
Treino,1.5036194591651852,1.2262216191069155,0.0818142379571109,0.8927679088253089,53.7060973445122,4.210194306756097,0.4203314396266447,0.9477039030096563
Validação,0.7155814448345569,0.8459204719325315,0.09656878391318226,0.699094789321308,67.98889037048997,6.77845905618763,0.6673302250587586,0.8362413014315431
Teste,1.5302656806354424,1.2370390780551124,0.2213420980553273,0.7200729409192146,56.17772314832631,15.52660095496123,1.322674248779259,0.8493595772690749
