Conjunto,MSE,RMSE,MAE,R2,MAPE (ign. zeros),SMAPE,Poisson_Deviance,Pearson
Treino,1.8821230899319726e-05,0.004338344257815385,1.8821230899319726e-05,0.9999656933941916,0.024726280258825888,0.00023277652077395542,2.4037392117119846e-06,0.9999828598593072
Validação,0.01449442495636698,0.1203927944536839,0.003804478165129614,0.8577629688275582,9.550873323734006,0.19664232447730634,0.01798300240240058,0.9292881636988486
Teste,0.025199141541206827,0.1587423747498028,0.007290469339034957,0.8764086195541353,7.526462660269417,0.40796100067861263,0.03187803137191648,0.9386077415791725
