Conjunto,MSE,RMSE,MAE,R2,MAPE (ign. zeros),SMAPE,Poisson_Deviance,Pearson
Treino,0.003917182010735035,0.06258739498281611,0.0032706981175409794,0.9997206423367544,1.542638391066817,0.04491964903307866,0.00045485427271224464,0.9998947622179554
Validação,0.5605011171401213,0.74866622545706,0.06045855942121502,0.7643067634632641,32.98541696298503,2.3391743451676534,0.1927499771118164,0.8772251358347184
Teste,1.200536839222131,1.0956901200714237,0.13952341824157766,0.7803892807802872,30.56813772229372,5.707795373419843,0.4452516206116318,0.8936581315948121
