Conjunto,MSE,RMSE,MAE,R2,MAPE (ign. zeros),SMAPE,Poisson_Deviance,Pearson
Treino,0.0032720480170661628,0.05720181830209738,0.0023049813472991593,0.9929502143743569,7.932422636070553,0.14587869029769301,0.012845723079753863,0.996570508924597
Validação,0.028436206258873498,0.16863038355786747,0.006799784053354331,0.7429699545523676,20.337811438833278,0.4782367193092954,0.054323320979045894,0.870003519896693
Teste,0.056835589177339434,0.23840215849974897,0.015075896085927217,0.754521286870717,20.412066296897287,1.1896217013419415,0.1398188488549785,0.8804136829766483
