Conjunto,MSE,RMSE,MAE,R2,MAPE (ign. zeros),SMAPE,Poisson_Deviance,Pearson
Treino,0.08827065480898516,0.2971037778436773,0.012040079122618483,0.8391036922515692,55.61791563296045,1.1990216781801573,0.17648089219661026,0.9212920020688664
Validação,0.03458626945413111,0.1859738407791029,0.013843228648506609,0.6605972088375436,65.84661626254811,1.699001365530646,0.23605918366852285,0.8164732375671203
Teste,0.06415130738129877,0.2532810837415593,0.030580010862787832,0.6854663840646829,62.135230507544726,4.008239466802884,0.5750589447273178,0.8314656086442399
