dataset,total_real,rf_pred,rf_abs_error,rf_rel_error,xgb_poisson_pred,xgb_poisson_abs_error,xgb_poisson_rel_error,xgb_zip_pred,xgb_zip_abs_error,xgb_zip_rel_error
RJ_DAILY_FULL,31846.0,20627.099999999995,-11218.900000000003,-35.228600138164936,15661.0,-16185.0,-50.82270928845068,12237.0,-19609.0,-61.574452050493
RJ_DAILY_CASEONLY,40403.0,23800.000000000004,-16602.999999999996,-41.093483157191294,22097.0,-18306.0,-45.30851669430488,16361.0,-24042.0,-59.50548226616835
RJ_WEEKLY_FULL,31144.0,28912.3,-2231.7000000000044,-7.165746211148229,21045.0,-10099.0,-32.42679167736964,22601.0,-8543.0,-27.430644746981763
RJ_WEEKLY_CASESONLY,40396.0,42161.79999999999,1765.7999999999884,4.371224873749847,33750.0,-6646.0,-16.452123972670563,34761.0,-5635.0,-13.949400930785227
RN_DAILY_FULL,555.0,292.3,-262.7,-47.333333333333336,0.0,-555.0,-100.0,524.0,-31.0,-5.585585585585585
RN_DAILY_CASEONLY,205.0,100.5,-104.5,-50.97560975609756,60.0,-145.0,-70.73170731707317,250.0,45.0,21.951219512195124
RN_WEEKLY_FULL,311.0,213.9,-97.10000000000002,-31.22186495176849,0.0,-311.0,-100.0,339.0,28.0,9.003215434083602
RN_WEEKLY_CASESONLY,6326.0,3603.7,-2722.3,-43.03351248814417,1481.0,-4845.0,-76.58868163136263,3010.0,-3316.0,-52.418589946253555
